1,"John","Smith","USA",32
2,"Emily","Johnson","Canada",28
3,"Michael","Williams","USA",35
4,"Emma","Brown","UK",30
5,"Daniel","Jones","Australia",40
6,"Olivia","Miller","USA",27
7,"Matthew","Davis","Canada",33
8,"Sophia","Wilson","USA",29
9,"Andrew","Taylor","UK",38
10,"Ava","Anderson","USA",31
11,"William","Thomas","Australia",36
12,"Isabella","Jackson","USA",26
13,"Joseph","White","Canada",34
14,"Mia","Harris","USA",33
15,"David","Martin","UK",39
16,"Charlotte","Clark","USA",28
17,"James","Lewis","USA",30
18,"Abigail","Lee","Canada",32
19,"Benjamin","Walker","USA",35
20,"Harper","Hall","UK",27
21,"Alexander","Young","USA",29
22,"Ella","Allen","USA",37
23,"Daniel","King","Canada",31
24,"Sophia","Wright","USA",34
25,"Matthew","Green","UK",26
26,"Olivia","Baker","USA",33
27,"Jacob","Adams","USA",30
28,"Emily","Hill","Canada",38
29,"William","Cook","USA",28
30,"Ava","Carter","Australia",36
31,"Michael","Murphy","USA",27
32,"Emma","Collins","USA",35
33,"Joseph","Rogers","Canada",29
34,"Mia","Reed","USA",32
35,"David","Stewart","UK",31
36,"Charlotte","Morris","USA",39
37,"James","Turner","USA",28
38,"Abigail","Scott","USA",30
39,"Benjamin","Bailey","Canada",35
40,"Harper","Cooper","USA",27
41,"Alexander","Kelly","USA",29
42,"Ella","Howard","UK",37
43,"Daniel","Hughes","USA",31
44,"Sophia","Richardson","USA",34
45,"Matthew","Russell","Canada",26
46,"Olivia","Ward","USA",33
47,"Jacob","Butler","USA",30
48,"Emily","Barnes","Canada",38
49,"William","Coleman","USA",28
50,"Ava","Simmons","Australia",36
51,"Michael","Perry","USA",27
52,"Emma","Powell","USA",35
53,"Joseph","Long","Canada",29
54,"Mia","Patterson","USA",32
55,"David","Hughes","UK",31
56,"Charlotte","Reynolds","USA",39
57,"James","Foster","USA",28
58,"Abigail","Parker","USA",30
59,"Benjamin","Ross","Canada",35
60,"Harper","Bell","USA",27
61,"Alexander","Sanders","USA",29
62,"Ella","Wood","UK",37
63,"Daniel","Bryant","USA",31
64,"Sophia","Mitchell","USA",34
65,"Matthew","Cox","Canada",26
66,"Olivia","James","USA",33
67,"Jacob","Price","USA",30
68,"Emily","Ward","Canada",38
69,"William","Brooks","USA",28
70,"Ava","Bennett","Australia",36
71,"Michael","Gray","USA",27
72,"Emma","Sullivan","USA",35
73,"Joseph","Cole","Canada",29
74,"Mia","Henderson","USA",32
75,"David","Reed","UK",31
76,"Charlotte","Fisher","USA",39
77,"James","Morgan","USA",28
78,"Abigail","Cox","USA",30
79,"Benjamin","Baker","Canada",35
80,"Harper","Hill","USA",27
81,"Alexander","Allen","USA",29
82,"Ella","Martin","UK",37
83,"Daniel","Clark","USA",31
84,"Sophia","Lewis","USA",34
85,"Matthew","Johnson","Canada",26
86,"Olivia","Taylor","USA",33
87,"Jacob","Williams","USA",30
88,"Emily","Brown","Canada",38
89,"William","Jones","USA",28
90,"Ava","Miller","Australia",36
91,"Michael","Davis","USA",27
92,"Emma","Wilson","USA",35
93,"Joseph","Taylor","Canada",29
94,"Mia","Thomas","USA",32
95,"David","Jackson","UK",31
96,"Charlotte","White","USA",39
97,"James","Harris","USA",28
98,"Abigail","Martin","USA",30
99,"Benjamin","Davis","Canada",35
100,"Harper","Williams","USA",27
101,"Alexander","Brown","USA",29
102,"Ella","Jones","UK",37
103,"Daniel","Smith","USA",31
104,"Sophia","Johnson","USA",34
105,"Matthew","Williams","Canada",26
106,"Olivia","Miller","USA",33
107,"Jacob","Davis","USA",30
108,"Emily","Wilson","Canada",38
109,"William","Taylor","USA",28
110,"Ava","Thomas","Australia",36
111,"Michael","Jackson","USA",27
112,"Emma","White","USA",35
113,"Joseph","Harris","Canada",29
114,"Mia","Martin","USA",32
115,"David","Clark","UK",31
116,"Charlotte","Lewis","USA",39
117,"James","Johnson","USA",28
118,"Abigail","Smith","USA",30
119,"Benjamin","Johnson","Canada",35
120,"Harper","Smith","USA",27
121,"Alexander","Johnson","USA",29
122,"Ella","Smith","UK",37
123,"Daniel","Johnson","USA",31
124,"Sophia","Smith","USA",34
125,"Matthew","Johnson","Canada",26
126,"Olivia","Smith","USA",33
127,"Jacob","Johnson","USA",30
128,"Emily","Smith","Canada",38
129,"William","Johnson","USA",28
130,"Ava","Smith","Australia",36
131,"Michael","Johnson","USA",27
132,"Emma","Smith","USA",35
133,"Joseph","Johnson","Canada",29
134,"Mia","Smith","USA",32
135,"David","Johnson","UK",31
136,"Charlotte","Smith","USA",39
137,"James","Johnson","USA",28
138,"Abigail","Smith","USA",30
139,"Benjamin","Johnson","Canada",35
140,"Harper","Smith","USA",27
141,"Alexander","Johnson","USA",29
142,"Ella","Smith","UK",37
143,"Daniel","Johnson","USA",31
144,"Sophia","Smith","USA",34
145,"Matthew","Johnson","Canada",26
146,"Olivia","Smith","USA",33
147,"Jacob","Johnson","USA",30
148,"Emily","Smith","Canada",38
149,"William","Johnson","USA",28
150,"Ava","Smith","Australia",36
151,"Michael","Johnson","USA",27
152,"Emma","Smith","USA",35
153,"Joseph","Johnson","Canada",29
154,"Mia","Smith","USA",32
155,"David","Johnson","UK",31
156,"Charlotte","Smith","USA",39
157,"James","Johnson","USA",28
158,"Abigail","Smith","USA",30
159,"Benjamin","Johnson","Canada",35
160,"Harper","Smith","USA",27
161,"Alexander","Johnson","USA",29
162,"Ella","Smith","UK",37
163,"Daniel","Johnson","USA",31
164,"Sophia","Smith","USA",34
165,"Matthew","Johnson","Canada",26
166,"Olivia","Smith","USA",33
167,"Jacob","Johnson","USA",30
168,"Emily","Smith","Canada",38
169,"William","Johnson","USA",28
170,"Ava","Smith","Australia",36
171,"Michael","Johnson","USA",27
172,"Emma","Smith","USA",35
173,"Joseph","Johnson","Canada",29
174,"Mia","Smith","USA",32
175,"David","Johnson","UK",31
176,"Charlotte","Smith","USA",39
177,"James","Johnson","USA",28
178,"Abigail","Smith","USA",30
179,"Benjamin","Johnson","Canada",35
180,"Harper","Smith","USA",27
181,"Alexander","Johnson","USA",29
182,"Ella","Smith","UK",37
183,"Daniel","Johnson","USA",31
184,"Sophia","Smith","USA",34
185,"Matthew","Johnson","Canada",26
186,"Olivia","Smith","USA",33
187,"Jacob","Johnson","USA",30
188,"Emily","Smith","Canada",38
189,"William","Johnson","USA",28
190,"Ava","Smith","Australia",36
191,"Michael","Johnson","USA",27
192,"Emma","Smith","USA",35
193,"Joseph","Johnson","Canada",29
194,"Mia","Smith","USA",32
195,"David","Johnson","UK",31
196,"Charlotte","Smith","USA",39
197,"James","Johnson","USA",28
198,"Abigail","Smith","USA",30
199,"Benjamin","Johnson","Canada",35
200,"Harper","Smith","USA",27
201,"Alexander","Johnson","USA",29
202,"Ella","Smith","UK",37
203,"Daniel","Johnson","USA",31
204,"Sophia","Smith","USA",34
205,"Matthew","Johnson","Canada",26
206,"Olivia","Smith","USA",33
207,"Jacob","Johnson","USA",30
208,"Emily","Smith","Canada",38
209,"William","Johnson","USA",28
210,"Ava","Smith","Australia",36
211,"Michael","Johnson","USA",27
212,"Emma","Smith","USA",35
213,"Joseph","Johnson","Canada",29
214,"Mia","Smith","USA",32
215,"David","Johnson","UK",31
216,"Charlotte","Smith","USA",39
217,"James","Johnson","USA",28
218,"Abigail","Smith","USA",30
219,"Benjamin","Johnson","Canada",35
220,"Harper","Smith","USA",27
221,"Alexander","Johnson","USA",29
222,"Ella","Smith","UK",37
223,"Daniel","Johnson","USA",31
224,"Sophia","Smith","USA",34
225,"Matthew","Johnson","Canada",26
226,"Olivia","Smith","USA",33
227,"Jacob","Johnson","USA",30
228,"Emily","Smith","Canada",38
229,"William","Johnson","USA",28
230,"Ava","Smith","Australia",36
231,"Michael","Johnson","USA",27
232,"Emma","Smith","USA",35
233,"Joseph","Johnson","Canada",29
234,"Mia","Smith","USA",32
235,"David","Johnson","UK",31
236,"Charlotte","Smith","USA",39
237,"James","Johnson","USA",28
238,"Abigail","Smith","USA",30
239,"Benjamin","Johnson","Canada",35
240,"Harper","Smith","USA",27
241,"Alexander","Johnson","USA",29
242,"Ella","Smith","UK",37
243,"Daniel","Johnson","USA",31
244,"Sophia","Smith","USA",34
245,"Matthew","Johnson","Canada",26
246,"Olivia","Smith","USA",33
247,"Jacob","Johnson","USA",30
248,"Emily","Smith","Canada",38
249,"William","Johnson","USA",28
250,"Ava","Smith","Australia",36
251,"Michael","Johnson","USA",27
252,"Emma","Smith","USA",35
253,"Joseph","Johnson","Canada",29
254,"Mia","Smith","USA",32
255,"David","Johnson","UK",31
256,"Charlotte","Smith","USA",39
257,"James","Johnson","USA",28
258,"Abigail","Smith","USA",30
259,"Benjamin","Johnson","Canada",35
260,"Harper","Smith","USA",27
261,"Alexander","Johnson","USA",29
262,"Ella","Smith","UK",37
263,"Daniel","Johnson","USA",31
264,"Sophia","Smith","USA",34
265,"Matthew","Johnson","Canada",26
266,"Olivia","Smith","USA",33
267,"Jacob","Johnson","USA",30
268,"Emily","Smith","Canada",38
269,"William","Johnson","USA",28
270,"Ava","Smith","Australia",36
271,"Michael","Johnson","USA",27
272,"Emma","Smith","USA",35
273,"Joseph","Johnson","Canada",29
274,"Mia","Smith","USA",32
275,"David","Johnson","UK",31
276,"Charlotte","Smith","USA",39
277,"James","Johnson","USA",28
278,"Abigail","Smith","USA",30
279,"Benjamin","Johnson","Canada",35
280,"Harper","Smith","USA",27
281,"Alexander","Johnson","USA",29
282,"Ella","Smith","UK",37
283,"Daniel","Johnson","USA",31
284,"Sophia","Smith","USA",34
285,"Matthew","Johnson","Canada",26
286,"Olivia","Smith","USA",33
287,"Jacob","Johnson","USA",30
288,"Emily","Smith","Canada",38
289,"William","Johnson","USA",28
290,"Ava","Smith","Australia",36
291,"Michael","Johnson","USA",27
292,"Emma","Smith","USA",35
293,"Joseph","Johnson","Canada",29
294,"Mia","Smith","USA",32
295,"David","Johnson","UK",31
296,"Charlotte","Smith","USA",39
297,"James","Johnson","USA",28
298,"Abigail","Smith","USA",30
299,"Benjamin","Johnson","Canada",35
300,"Harper","Smith","USA",27
301,"Alexander","Johnson","USA",29
302,"Ella","Smith","UK",37
303,"Daniel","Johnson","USA",31
304,"Sophia","Smith","USA",34
305,"Matthew","Johnson","Canada",26
306,"Olivia","Smith","USA",33
307,"Jacob","Johnson","USA",30
308,"Emily","Smith","Canada",38
309,"William","Johnson","USA",28
310,"Ava","Smith","Australia",36
311,"Michael","Johnson","USA",27
312,"Emma","Smith","USA",35
313,"Joseph","Johnson","Canada",29
314,"Mia","Smith","USA",32
315,"David","Johnson","UK",31
316,"Charlotte","Smith","USA",39
317,"James","Johnson","USA",28
318,"Abigail","Smith","USA",30
319,"Benjamin","Johnson","Canada",35
320,"Harper","Smith","USA",27
321,"Alexander","Johnson","USA",29
322,"Ella","Smith","UK",37
323,"Daniel","Johnson","USA",31
324,"Sophia","Smith","USA",34
325,"Matthew","Johnson","Canada",26
326,"Olivia","Smith","USA",33
327,"Jacob","Johnson","USA",30
328,"Emily","Smith","Canada",38
329,"William","Johnson","USA",28
330,"Ava","Smith","Australia",36
331,"Michael","Johnson","USA",27
332,"Emma","Smith","USA",35
333,"Joseph","Johnson","Canada",29
334,"Mia","Smith","USA",32
335,"David","Johnson","UK",31
336,"Charlotte","Smith","USA",39
337,"James","Johnson","USA",28
338,"Abigail","Smith","USA",30
339,"Benjamin","Johnson","Canada",35
340,"Harper","Smith","USA",27
341,"Alexander","Johnson","USA",29
342,"Ella","Smith","UK",37
343,"Daniel","Johnson","USA",31
344,"Sophia","Smith","USA",34
345,"Matthew","Johnson","Canada",26
346,"Olivia","Smith","USA",33
347,"Jacob","Johnson","USA",30
348,"Emily","Smith","Canada",38
349,"William","Johnson","USA",28
350,"Ava","Smith","Australia",36
351,"Michael","Johnson","USA",27
352,"Emma","Smith","USA",35
353,"Joseph","Johnson","Canada",29
354,"Mia","Smith","USA",32
355,"David","Johnson","UK",31
356,"Charlotte","Smith","USA",39
357,"James","Johnson","USA",28
358,"Abigail","Smith","USA",30
359,"Benjamin","Johnson","Canada",35
360,"Harper","Smith","USA",27
361,"Alexander","Johnson","USA",29
362,"Ella","Smith","UK",37
363,"Daniel","Johnson","USA",31
364,"Sophia","Smith","USA",34
365,"Matthew","Johnson","Canada",26
366,"Olivia","Smith","USA",33
367,"Jacob","Johnson","USA",30
368,"Emily","Smith","Canada",38
369,"William","Johnson","USA",28
370,"Ava","Smith","Australia",36
371,"Michael","Johnson","USA",27
372,"Emma","Smith","USA",35
373,"Joseph","Johnson","Canada",29
374,"Mia","Smith","USA",32
375,"David","Johnson","UK",31
376,"Charlotte","Smith","USA",39
377,"James","Johnson","USA",28